threshold,TP,FP,TN,FN,precision,recall,specificity,f1_score,iou,dice,accuracy
0.3,116530,72380,468861,14075,0.616855,0.892232,0.86627,0.729418,0.574082,0.729418,0.871317
0.35,115090,68300,472941,15515,0.62757,0.881207,0.873809,0.733069,0.578618,0.733069,0.875247
0.4,113619,64406,476835,16986,0.638219,0.869944,0.881003,0.73628,0.582629,0.73628,0.878853
0.45,112102,60818,480423,18503,0.648288,0.858329,0.887632,0.738667,0.585625,0.738667,0.881936
0.5,110528,57403,483838,20077,0.658175,0.846277,0.893942,0.740467,0.58789,0.740467,0.884676
0.55,108816,53861,487380,21789,0.668908,0.833169,0.900486,0.742057,0.589897,0.742057,0.8874
0.6,107007,50189,491052,23598,0.680723,0.819318,0.907271,0.743618,0.591873,0.743618,0.890173
0.65,104855,46332,494909,25750,0.693545,0.802841,0.914397,0.744201,0.592612,0.744201,0.892711
0.7,102157,42104,499137,28448,0.70814,0.782183,0.922208,0.743322,0.591498,0.743322,0.894988
